[{
  "id": 5,
  "picture": "http://placehold.it/32x32",
  "name": "Allen",
  "lastName": "Strickland",
  "company": "Coriander",
  "email": "allenstrickland@coriander.com",
  "about": "Quis enim labore exercitation elit duis irure sit incididunt dolore esse est. Culpa laboris ex labore labore nulla ad cillum fugiat reprehenderit nostrud irure. Officia et cupidatat et pariatur nulla nisi aliquip. In magna et ad eiusmod exercitation veniam. Culpa esse enim amet do aliqua reprehenderit sunt ipsum velit nulla reprehenderit. Ad minim consectetur magna adipisicing ut.\r\n"
}, {
  "id": 9,
  "picture": "http://placehold.it/32x32",
  "name": "Merle",
  "lastName": "Prince",
  "company": "Xylar",
  "email": "merleprince@xylar.com",
  "about": "Id voluptate duis est laborum laborum esse. Ipsum fugiat ut pariatur adipisicing et cillum. Duis aute cillum adipisicing labore qui velit velit nostrud ad. Velit est mollit officia excepteur minim minim occaecat enim qui magna ad ut adipisicing deserunt. Qui officia ex aute laboris. Pariatur et anim cillum veniam. Labore eiusmod non velit do eiusmod tempor nostrud do cupidatat.\r\n"
}, {
  "id": 8,
  "picture": "http://placehold.it/32x32",
  "name": "Salazar",
  "lastName": "Ewing",
  "company": "Zentime",
  "email": "salazarewing@zentime.com",
  "about": "Officia qui id nostrud non laboris in eiusmod ex et. Aute sunt consequat do labore dolor in et ea excepteur cillum incididunt enim sunt. Et voluptate qui occaecat eu. Nulla aute esse reprehenderit aliquip officia incididunt excepteur nisi. Culpa ad occaecat ipsum deserunt ex dolor ullamco quis.\r\n"
}]
