{
  "$schema": "http://json-schema.org/draft-04/schema#",
  "type": "object",
  "properties": {
    "about": {
      "type": "string"
    },
    "email": {
      "type": "string",
			"pattern": "^[\\w|-|.]+@[\\w]+\\.[A-Za-z]{2,4}$"
    },
    "firstName": {
      "type": "string"
    },
    "lastName": {
      "type": "string"
    },
    "picture": {
      "type": "string"
    },
    "tags": {
      "type": "array",
      "items": [
        {
          "type": "string"
        }
      ]
    },
    "company": {
      "type": "string"
    }
  },
  "additionalProperties": false,
  "required": [ "about", "email", "firstName", 
                "lastName", "picture", "tags", "company"
  ]
}