{
  "links": {
    "self": "http://myconference.api.com/speakers",
    "next": "http://myconference.api.com/speakers?limit=25&offset=25"
  },
  "data": [{
    "type": "speakers",
    "id": "123456",
    "attributes": {
      "firstName": "Larson",
      "lastName": "Richard",
      "email": "larson.richard@myconference.com",
      "tags": [
        "JavaScript",
        "AngularJS",
        "Yeoman"
      ],
      "age": 39,
      "registered": true
    }
  }, {
    "type": "speakers",
    "id": "223456",
    "attributes": {
      "firstName": "Ester",
      "lastName": "Clements",
      "email": "ester.clements@myconference.com",
      "tags": [
        "REST",
        "Ruby on Rails",
        "APIs"
      ],
      "age": 29,
      "registered": true
    }
  }]
}
