[{
  "id": "123456",
  "firstName": "Larson",
  "lastName": "Richard",
  "email": "larson.richard@myconference.com",
  "tags": [
    "JavaScript",
    "AngularJS",
    "Yeoman"
  ],
  "age": 39,
  "registered": true
}, {
  "id": "223456",
  "firstName": "Ester",
  "lastName": "Clements",
  "email": "ester.clements@myconference.com",
  "tags": [
    "REST",
    "Ruby on Rails",
    "APIs"
  ],
  "age": 29,
  "registered": true
}, {
  "id": "223456",
  "firstName": "Christensen",
  "lastName": "Fisher",
  "email": "christensen.fisher@myconference.com",
  "tags": [
    "Java",
    "Spring",
    "Maven",
    "REST"
  ],
  "age": 45,
  "registered": false
}]
