<?xml version="1.0" encoding="UTF-8" ?>
<cities>
    <city>
        <id>5386035</id>
        <name>Rancho Palos Verdes</name>
        <coord>
            <lon>-118.387016</lon>
            <lat>33.744461</lat>
        </coord>
        <main>
            <temp>84.34</temp>
            <pressure>1012</pressure>
            <humidity>58</humidity>
            <temp_min>78.8</temp_min>
            <temp_max>93</temp_max>
        </main>
        <dt>1442171078</dt>
        <wind>
            <speed>4.1</speed>
            <deg>300</deg>
        </wind>
        <clouds>
            <all>5</all>
        </clouds>
        <weather>
            <id>800</id>
            <main>Clear</main>
            <description>Sky is Clear</description>
            <icon>02d</icon>
        </weather>
    </city>
    <city>
        <id>5392528</id>
        <name>San Pedro</name>
        <coord>
            <lon>-118.29229</lon>
            <lat>33.735851</lat>
        </coord>
        <main>
            <temp>84.02</temp>
            <pressure>1012</pressure>
            <humidity>58</humidity>
            <temp_min>78.8</temp_min>
            <temp_max>91</temp_max>
        </main>
        <dt>1442171080</dt>
        <wind>
            <speed>4.1</speed>
            <deg>300</deg>
        </wind>
        <clouds>
            <all>5</all>
        </clouds>
        <weather>
            <id>800</id>
            <main>Clear</main>
            <description>Sky is Clear</description>
            <icon>02d</icon>
        </weather>
    </city>
    <city>
        <id>3988392</id>
        <name>Rosarito</name>
        <coord>
            <lon>-117.033333</lon>
            <lat>32.333328</lat>
        </coord>
        <main>
            <temp>82.47</temp>
            <pressure>1012</pressure>
            <humidity>61</humidity>
            <temp_min>78.8</temp_min>
            <temp_max>86</temp_max>
        </main>
        <dt>1442170905</dt>
        <wind>
            <speed>4.6</speed>
            <deg>240</deg>
        </wind>
        <clouds>
            <all>32</all>
        </clouds>
        <weather>
            <id>802</id>
            <main>Clouds</main>
            <description>scattered clouds</description>
            <icon>03d</icon>
        </weather>
    </city>
    <city>
        <id>5394086</id>
        <name>Seal Beach</name>
        <coord>
            <lon>-118.10479</lon>
            <lat>33.741409</lat>
        </coord>
        <main>
            <temp>85.19</temp>
            <pressure>1012</pressure>
            <humidity>54</humidity>
            <temp_min>78.8</temp_min>
            <temp_max>97</temp_max>
        </main>
        <dt>1442171080</dt>
        <wind>
            <speed>2.6</speed>
            <deg>0</deg>
        </wind>
        <clouds>
            <all>1</all>
        </clouds>
        <weather>
            <id>800</id>
            <main>Clear</main>
            <description>Sky is Clear</description>
            <icon>01d</icon>
        </weather>
    </city>
    <city>
        <id>5358705</id>
        <name>Huntington Beach</name>
        <coord>
            <lon>-117.999229</lon>
            <lat>33.660301</lat>
        </coord>
        <main>
            <temp>84.78</temp>
            <pressure>1012</pressure>
            <humidity>61</humidity>
            <temp_min>78.8</temp_min>
            <temp_max>91.99</temp_max>
        </main>
        <dt>1442171072</dt>
        <wind>
            <speed>2.6</speed>
            <deg>0</deg>
        </wind>
        <clouds>
            <all>40</all>
        </clouds>
        <weather>
            <id>802</id>
            <main>Clouds</main>
            <description>scattered clouds</description>
            <icon>03d</icon>
        </weather>
    </city>
    <city>
        <id>5350207</id>
        <name>Fountain Valley</name>
        <coord>
            <lon>-117.953667</lon>
            <lat>33.709179</lat>
        </coord>
        <main>
            <temp>84.83</temp>
            <pressure>1012</pressure>
            <humidity>61</humidity>
            <temp_min>78.8</temp_min>
            <temp_max>91.99</temp_max>
        </main>
        <dt>1442171070</dt>
        <wind>
            <speed>2.6</speed>
            <deg>0</deg>
        </wind>
        <clouds>
            <all>40</all>
        </clouds>
        <weather>
            <id>802</id>
            <main>Clouds</main>
            <description>scattered clouds</description>
            <icon>03d</icon>
        </weather>
    </city>
    <city>
        <id>5364275</id>
        <name>Laguna Beach</name>
        <coord>
            <lon>-117.783112</lon>
            <lat>33.542252</lat>
        </coord>
        <main>
            <temp>84.85</temp>
            <pressure>1012</pressure>
            <humidity>58</humidity>
            <temp_min>78.8</temp_min>
            <temp_max>91.99</temp_max>
        </main>
        <dt>1442171073</dt>
        <wind>
            <speed>3.1</speed>
            <deg>190</deg>
        </wind>
        <clouds>
            <all>20</all>
        </clouds>
        <weather>
            <id>801</id>
            <main>Clouds</main>
            <description>few clouds</description>
            <icon>02d</icon>
        </weather>
    </city>
    <city>
        <id>5376890</id>
        <name>Newport Beach</name>
        <coord>
            <lon>-117.928947</lon>
            <lat>33.618912</lat>
        </coord>
        <main>
            <temp>85.06</temp>
            <pressure>1012</pressure>
            <humidity>61</humidity>
            <temp_min>78.8</temp_min>
            <temp_max>91.99</temp_max>
        </main>
        <dt>1442171075</dt>
        <wind>
            <speed>2.6</speed>
            <deg>0</deg>
        </wind>
        <clouds>
            <all>40</all>
        </clouds>
        <weather>
            <id>802</id>
            <main>Clouds</main>
            <description>scattered clouds</description>
            <icon>03d</icon>
        </weather>
    </city>
    <city>
        <id>5339840</id>
        <name>Costa Mesa</name>
        <coord>
            <lon>-117.918671</lon>
            <lat>33.641129</lat>
        </coord>
        <main>
            <temp>84.79</temp>
            <pressure>1012</pressure>
            <humidity>61</humidity>
            <temp_min>78.8</temp_min>
            <temp_max>91.99</temp_max>
        </main>
        <dt>1442171069</dt>
        <wind>
            <speed>2.6</speed>
            <deg>0</deg>
        </wind>
        <clouds>
            <all>40</all>
        </clouds>
        <weather>
            <id>802</id>
            <main>Clouds</main>
            <description>scattered clouds</description>
            <icon>03d</icon>
        </weather>
    </city>
    <city>
        <id>5392900</id>
        <name>Santa Ana</name>
        <coord>
            <lon>-117.867828</lon>
            <lat>33.745571</lat>
        </coord>
        <main>
            <temp>85.77</temp>
            <pressure>1012</pressure>
            <humidity>61</humidity>
            <temp_min>79</temp_min>
            <temp_max>97</temp_max>
        </main>
        <dt>1442171080</dt>
        <wind>
            <speed>2.6</speed>
            <deg>0</deg>
        </wind>
        <clouds>
            <all>40</all>
        </clouds>
        <weather>
            <id>802</id>
            <main>Clouds</main>
            <description>scattered clouds</description>
            <icon>03d</icon>
        </weather>
    </city>
    <city>
        <id>5359777</id>
        <name>Irvine</name>
        <coord>
            <lon>-117.823112</lon>
            <lat>33.66946</lat>
        </coord>
        <main>
            <temp>85.35</temp>
            <pressure>1012</pressure>
            <humidity>61</humidity>
            <temp_min>79</temp_min>
            <temp_max>91.99</temp_max>
        </main>
        <dt>1442171072</dt>
        <wind>
            <speed>2.6</speed>
            <deg>0</deg>
        </wind>
        <clouds>
            <all>40</all>
        </clouds>
        <weather>
            <id>802</id>
            <main>Clouds</main>
            <description>scattered clouds</description>
            <icon>03d</icon>
        </weather>
    </city>
    <city>
        <id>5404119</id>
        <name>Tustin</name>
        <coord>
            <lon>-117.826172</lon>
            <lat>33.74585</lat>
        </coord>
        <main>
            <temp>85.01</temp>
            <pressure>1012</pressure>
            <humidity>61</humidity>
            <temp_min>78.8</temp_min>
            <temp_max>91.99</temp_max>
        </main>
        <dt>1442171082</dt>
        <wind>
            <speed>2.6</speed>
            <deg>0</deg>
        </wind>
        <clouds>
            <all>40</all>
        </clouds>
        <weather>
            <id>802</id>
            <main>Clouds</main>
            <description>scattered clouds</description>
            <icon>03d</icon>
        </weather>
    </city>
    <city>
        <id>5341483</id>
        <name>Dana Point</name>
        <coord>
            <lon>-117.698112</lon>
            <lat>33.466969</lat>
        </coord>
        <main>
            <temp>84.85</temp>
            <pressure>1012</pressure>
            <humidity>58</humidity>
            <temp_min>78.8</temp_min>
            <temp_max>91.99</temp_max>
        </main>
        <dt>1442171069</dt>
        <wind>
            <speed>3.1</speed>
            <deg>190</deg>
        </wind>
        <clouds>
            <all>20</all>
        </clouds>
        <weather>
            <id>801</id>
            <main>Clouds</main>
            <description>few clouds</description>
            <icon>02d</icon>
        </weather>
    </city>
    <city>
        <id>5364329</id>
        <name>Laguna Niguel</name>
        <coord>
            <lon>-117.70755</lon>
            <lat>33.52253</lat>
        </coord>
        <main>
            <temp>84.88</temp>
            <pressure>1012</pressure>
            <humidity>58</humidity>
            <temp_min>78.8</temp_min>
            <temp_max>91.99</temp_max>
        </main>
        <dt>1442171073</dt>
        <wind>
            <speed>3.1</speed>
            <deg>190</deg>
        </wind>
        <clouds>
            <all>20</all>
        </clouds>
        <weather>
            <id>801</id>
            <main>Clouds</main>
            <description>few clouds</description>
            <icon>02d</icon>
        </weather>
    </city>
    <city>
        <id>5323163</id>
        <name>Aliso Viejo</name>
        <coord>
            <lon>-117.727119</lon>
            <lat>33.565041</lat>
        </coord>
        <main>
            <temp>84.85</temp>
            <pressure>1012</pressure>
            <humidity>61</humidity>
            <temp_min>78.8</temp_min>
            <temp_max>91.99</temp_max>
        </main>
        <dt>1442171066</dt>
        <wind>
            <speed>2.6</speed>
            <deg>0</deg>
        </wind>
        <clouds>
            <all>40</all>
        </clouds>
        <weather>
            <id>802</id>
            <main>Clouds</main>
            <description>scattered clouds</description>
            <icon>03d</icon>
        </weather>
    </city>
    <city>
        <id>5391791</id>
        <name>San Clemente</name>
        <coord>
            <lon>-117.611992</lon>
            <lat>33.426971</lat>
        </coord>
        <main>
            <temp>85.55</temp>
            <pressure>1012</pressure>
            <humidity>45</humidity>
            <temp_min>79.52</temp_min>
            <temp_max>91.99</temp_max>
        </main>
        <dt>1442171079</dt>
        <wind>
            <speed>1.57</speed>
            <deg>218.006</deg>
        </wind>
        <clouds>
            <all>1</all>
        </clouds>
        <weather>
            <id>800</id>
            <main>Clear</main>
            <description>Sky is Clear</description>
            <icon>01d</icon>
        </weather>
    </city>
    <city>
        <id>5392229</id>
        <name>San Juan Capistrano</name>
        <coord>
            <lon>-117.662552</lon>
            <lat>33.50169</lat>
        </coord>
        <main>
            <temp>85.62</temp>
            <pressure>1012</pressure>
            <humidity>45</humidity>
            <temp_min>79.52</temp_min>
            <temp_max>91.99</temp_max>
        </main>
        <dt>1442171079</dt>
        <wind>
            <speed>1.57</speed>
            <deg>218.006</deg>
        </wind>
        <clouds>
            <all>1</all>
        </clouds>
        <weather>
            <id>800</id>
            <main>Clear</main>
            <description>Sky is Clear</description>
            <icon>01d</icon>
        </weather>
    </city>
    <city>
        <id>5364199</id>
        <name>Ladera Ranch</name>
        <coord>
            <lon>-117.635612</lon>
            <lat>33.570862</lat>
        </coord>
        <main>
            <temp>85.89</temp>
            <pressure>1012</pressure>
            <humidity>45</humidity>
            <temp_min>79.7</temp_min>
            <temp_max>93.99</temp_max>
        </main>
        <dt>1442171072</dt>
        <wind>
            <speed>1.57</speed>
            <deg>218.006</deg>
        </wind>
        <clouds>
            <all>1</all>
        </clouds>
        <weather>
            <id>800</id>
            <main>Clear</main>
            <description>Sky is Clear</description>
            <icon>01d</icon>
        </weather>
    </city>
    <city>
        <id>5364369</id>
        <name>Laguna Woods</name>
        <coord>
            <lon>-117.725327</lon>
            <lat>33.610298</lat>
        </coord>
        <main>
            <temp>84.85</temp>
            <pressure>1012</pressure>
            <humidity>61</humidity>
            <temp_min>78.8</temp_min>
            <temp_max>91.99</temp_max>
        </main>
        <dt>1442171073</dt>
        <wind>
            <speed>2.6</speed>
            <deg>0</deg>
        </wind>
        <clouds>
            <all>40</all>
        </clouds>
        <weather>
            <id>802</id>
            <main>Clouds</main>
            <description>scattered clouds</description>
            <icon>03d</icon>
        </weather>
    </city>
    <city>
        <id>5364306</id>
        <name>Laguna Hills</name>
        <coord>
            <lon>-117.70031</lon>
            <lat>33.5956</lat>
        </coord>
        <main>
            <temp>86.65</temp>
            <pressure>1012</pressure>
            <humidity>61</humidity>
            <temp_min>82</temp_min>
            <temp_max>93.99</temp_max>
        </main>
        <dt>1442171073</dt>
        <wind>
            <speed>2.6</speed>
            <deg>0</deg>
        </wind>
        <clouds>
            <all>40</all>
        </clouds>
        <weather>
            <id>802</id>
            <main>Clouds</main>
            <description>scattered clouds</description>
            <icon>03d</icon>
        </weather>
    </city>
    <city>
        <id>5364514</id>
        <name>Lake Forest</name>
        <coord>
            <lon>-117.689217</lon>
            <lat>33.646969</lat>
        </coord>
        <main>
            <temp>85.08</temp>
            <pressure>1012</pressure>
            <humidity>61</humidity>
            <temp_min>79</temp_min>
            <temp_max>91.99</temp_max>
        </main>
        <dt>1442171073</dt>
        <wind>
            <speed>2.6</speed>
            <deg>0</deg>
        </wind>
        <clouds>
            <all>40</all>
        </clouds>
        <weather>
            <id>802</id>
            <main>Clouds</main>
            <description>scattered clouds</description>
            <icon>03d</icon>
        </weather>
    </city>
    <city>
        <id>5373763</id>
        <name>Mission Viejo</name>
        <coord>
            <lon>-117.671997</lon>
            <lat>33.600021</lat>
        </coord>
        <main>
            <temp>86.59</temp>
            <pressure>1012</pressure>
            <humidity>61</humidity>
            <temp_min>82</temp_min>
            <temp_max>93.99</temp_max>
        </main>
        <dt>1442171074</dt>
        <wind>
            <speed>2.6</speed>
            <deg>0</deg>
        </wind>
        <clouds>
            <all>40</all>
        </clouds>
        <weather>
            <id>802</id>
            <main>Clouds</main>
            <description>scattered clouds</description>
            <icon>03d</icon>
        </weather>
    </city>
    <city>
        <id>5386082</id>
        <name>Rancho Santa Margarita</name>
        <coord>
            <lon>-117.603104</lon>
            <lat>33.640862</lat>
        </coord>
        <main>
            <temp>85.33</temp>
            <pressure>1012</pressure>
            <humidity>45</humidity>
            <temp_min>79.52</temp_min>
            <temp_max>91.99</temp_max>
        </main>
        <dt>1442171078</dt>
        <wind>
            <speed>1.57</speed>
            <deg>218.006</deg>
        </wind>
        <clouds>
            <all>1</all>
        </clouds>
        <weather>
            <id>800</id>
            <main>Clear</main>
            <description>Sky is Clear</description>
            <icon>01d</icon>
        </weather>
    </city>
    <city>
        <id>5339663</id>
        <name>Coronado</name>
        <coord>
            <lon>-117.18309</lon>
            <lat>32.68589</lat>
        </coord>
        <main>
            <temp>83.73</temp>
            <pressure>1012</pressure>
            <humidity>38</humidity>
            <temp_min>78.8</temp_min>
            <temp_max>91.4</temp_max>
        </main>
        <dt>1442171069</dt>
        <wind>
            <speed>2.6</speed>
            <deg>310</deg>
        </wind>
        <clouds>
            <all>1</all>
        </clouds>
        <weather>
            <id>800</id>
            <main>Clear</main>
            <description>Sky is Clear</description>
            <icon>01d</icon>
        </weather>
    </city>
    <city>
        <id>5359054</id>
        <name>Imperial Beach</name>
        <coord>
            <lon>-117.113083</lon>
            <lat>32.583939</lat>
        </coord>
        <main>
            <temp>84.87</temp>
            <pressure>1012</pressure>
            <humidity>61</humidity>
            <temp_min>78.8</temp_min>
            <temp_max>91.99</temp_max>
        </main>
        <dt>1442171072</dt>
        <wind>
            <speed>4.6</speed>
            <deg>240</deg>
        </wind>
        <clouds>
            <all>32</all>
        </clouds>
        <weather>
            <id>802</id>
            <main>Clouds</main>
            <description>scattered clouds</description>
            <icon>03d</icon>
        </weather>
    </city>
    <city>
        <id>5336899</id>
        <name>Chula Vista</name>
        <coord>
            <lon>-117.084198</lon>
            <lat>32.640049</lat>
        </coord>
        <main>
            <temp>83.05</temp>
            <pressure>1012</pressure>
            <humidity>61</humidity>
            <temp_min>78.8</temp_min>
            <temp_max>87.8</temp_max>
        </main>
        <dt>1442171068</dt>
        <wind>
            <speed>4.6</speed>
            <deg>240</deg>
        </wind>
        <clouds>
            <all>0</all>
        </clouds>
        <weather>
            <id>800</id>
            <main>Clear</main>
            <description>Sky is Clear</description>
            <icon>01d</icon>
        </weather>
    </city>
    <city>
        <id>5376200</id>
        <name>National City</name>
        <coord>
            <lon>-117.099197</lon>
            <lat>32.678108</lat>
        </coord>
        <main>
            <temp>83.44</temp>
            <pressure>1012</pressure>
            <humidity>61</humidity>
            <temp_min>78.8</temp_min>
            <temp_max>89.8</temp_max>
        </main>
        <dt>1442171075</dt>
        <wind>
            <speed>4.6</speed>
            <deg>240</deg>
        </wind>
        <clouds>
            <all>0</all>
        </clouds>
        <weather>
            <id>800</id>
            <main>Clear</main>
            <description>Sky is Clear</description>
            <icon>01d</icon>
        </weather>
    </city>
    <city>
        <id>5363943</id>
        <name>La Jolla</name>
        <coord>
            <lon>-117.2742</lon>
            <lat>32.847271</lat>
        </coord>
        <main>
            <temp>84.31</temp>
            <pressure>1012</pressure>
            <humidity>38</humidity>
            <temp_min>78.8</temp_min>
            <temp_max>91.99</temp_max>
        </main>
        <dt>1442171072</dt>
        <wind>
            <speed>2.6</speed>
            <deg>310</deg>
        </wind>
        <clouds>
            <all>1</all>
        </clouds>
        <weather>
            <id>800</id>
            <main>Clear</main>
            <description>Sky is Clear</description>
            <icon>01d</icon>
        </weather>
    </city>
    <city>
        <id>5346646</id>
        <name>Encinitas</name>
        <coord>
            <lon>-117.291977</lon>
            <lat>33.036991</lat>
        </coord>
        <main>
            <temp>84.43</temp>
            <pressure>1012</pressure>
            <humidity>38</humidity>
            <temp_min>78.8</temp_min>
            <temp_max>93</temp_max>
        </main>
        <dt>1442171070</dt>
        <wind>
            <speed>2.6</speed>
            <deg>310</deg>
        </wind>
        <clouds>
            <all>1</all>
        </clouds>
        <weather>
            <id>800</id>
            <main>Clear</main>
            <description>Sky is Clear</description>
            <icon>01d</icon>
        </weather>
    </city>
    <city>
        <id>5391811</id>
        <name>San Diego</name>
        <coord>
            <lon>-117.157257</lon>
            <lat>32.715328</lat>
        </coord>
        <main>
            <temp>83.39</temp>
            <pressure>1012</pressure>
            <humidity>51</humidity>
            <temp_min>78.8</temp_min>
            <temp_max>89.8</temp_max>
        </main>
        <dt>1442171079</dt>
        <wind>
            <speed>3.6</speed>
            <deg>210</deg>
        </wind>
        <clouds>
            <all>20</all>
        </clouds>
        <weather>
            <id>801</id>
            <main>Clouds</main>
            <description>few clouds</description>
            <icon>02d</icon>
        </weather>
    </city>
    <city>
        <id>3981609</id>
        <name>Tijuana</name>
        <coord>
            <lon>-117.01667</lon>
            <lat>32.533329</lat>
        </coord>
        <main>
            <temp>84.2</temp>
            <pressure>1012</pressure>
            <humidity>61</humidity>
            <temp_min>78.8</temp_min>
            <temp_max>90</temp_max>
        </main>
        <dt>1442170901</dt>
        <wind>
            <speed>4.6</speed>
            <deg>240</deg>
        </wind>
        <clouds>
            <all>0</all>
        </clouds>
        <weather>
            <id>800</id>
            <main>Clear</main>
            <description>Sky is Clear</description>
            <icon>01d</icon>
        </weather>
    </city>
    <city>
        <id>5365893</id>
        <name>Lemon Grove</name>
        <coord>
            <lon>-117.031418</lon>
            <lat>32.74255</lat>
        </coord>
        <main>
            <temp>83.79</temp>
            <pressure>1012</pressure>
            <humidity>38</humidity>
            <temp_min>78.8</temp_min>
            <temp_max>91.4</temp_max>
        </main>
        <dt>1442171073</dt>
        <wind>
            <speed>2.6</speed>
            <deg>310</deg>
        </wind>
        <clouds>
            <all>1</all>
        </clouds>
        <weather>
            <id>800</id>
            <main>Clear</main>
            <description>Sky is Clear</description>
            <icon>01d</icon>
        </weather>
    </city>
    <city>
        <id>5363990</id>
        <name>La Mesa</name>
        <coord>
            <lon>-117.023079</lon>
            <lat>32.76783</lat>
        </coord>
        <main>
            <temp>83.25</temp>
            <pressure>1012</pressure>
            <humidity>48</humidity>
            <temp_min>78.8</temp_min>
            <temp_max>91.2</temp_max>
        </main>
        <dt>1442171072</dt>
        <wind>
            <speed>3.1</speed>
            <deg>230</deg>
        </wind>
        <clouds>
            <all>1</all>
        </clouds>
        <weather>
            <id>800</id>
            <main>Clear</main>
            <description>Sky is Clear</description>
            <icon>01d</icon>
        </weather>
    </city>
    <city>
        <id>5384690</id>
        <name>Poway</name>
        <coord>
            <lon>-117.035858</lon>
            <lat>32.962818</lat>
        </coord>
        <main>
            <temp>84.29</temp>
            <pressure>1012</pressure>
            <humidity>38</humidity>
            <temp_min>78.8</temp_min>
            <temp_max>91.99</temp_max>
        </main>
        <dt>1442171077</dt>
        <wind>
            <speed>2.6</speed>
            <deg>310</deg>
        </wind>
        <clouds>
            <all>1</all>
        </clouds>
        <weather>
            <id>800</id>
            <main>Clear</main>
            <description>Sky is Clear</description>
            <icon>01d</icon>
        </weather>
    </city>
    <city>
        <id>5378771</id>
        <name>Oceanside</name>
        <coord>
            <lon>-117.379478</lon>
            <lat>33.195869</lat>
        </coord>
        <main>
            <temp>84.85</temp>
            <pressure>1012</pressure>
            <humidity>38</humidity>
            <temp_min>78.8</temp_min>
            <temp_max>91.99</temp_max>
        </main>
        <dt>1442171076</dt>
        <wind>
            <speed>2.6</speed>
            <deg>310</deg>
        </wind>
        <clouds>
            <all>1</all>
        </clouds>
        <weather>
            <id>800</id>
            <main>Clear</main>
            <description>Sky is Clear</description>
            <icon>01d</icon>
        </weather>
    </city>
    <city>
        <id>5334223</id>
        <name>Carlsbad</name>
        <coord>
            <lon>-117.350594</lon>
            <lat>33.158089</lat>
        </coord>
        <main>
            <temp>84.74</temp>
            <pressure>1012</pressure>
            <humidity>38</humidity>
            <temp_min>78.8</temp_min>
            <temp_max>91.99</temp_max>
        </main>
        <dt>1442171068</dt>
        <wind>
            <speed>2.6</speed>
            <deg>310</deg>
        </wind>
        <clouds>
            <all>1</all>
        </clouds>
        <weather>
            <id>800</id>
            <main>Clear</main>
            <description>Sky is Clear</description>
            <icon>01d</icon>
        </weather>
    </city>
    <city>
        <id>5347578</id>
        <name>Fallbrook</name>
        <coord>
            <lon>-117.251152</lon>
            <lat>33.376419</lat>
        </coord>
        <main>
            <temp>85.64</temp>
            <pressure>1012</pressure>
            <humidity>38</humidity>
            <temp_min>79.7</temp_min>
            <temp_max>91.99</temp_max>
        </main>
        <dt>1442171070</dt>
        <wind>
            <speed>2.6</speed>
            <deg>310</deg>
        </wind>
        <clouds>
            <all>1</all>
        </clouds>
        <weather>
            <id>800</id>
            <main>Clear</main>
            <description>Sky is Clear</description>
            <icon>01d</icon>
        </weather>
    </city>
    <city>
        <id>5406602</id>
        <name>Vista</name>
        <coord>
            <lon>-117.242538</lon>
            <lat>33.200039</lat>
        </coord>
        <main>
            <temp>84.63</temp>
            <pressure>1012</pressure>
            <humidity>38</humidity>
            <temp_min>78.8</temp_min>
            <temp_max>91.99</temp_max>
        </main>
        <dt>1442171083</dt>
        <wind>
            <speed>2.6</speed>
            <deg>310</deg>
        </wind>
        <clouds>
            <all>1</all>
        </clouds>
        <weather>
            <id>800</id>
            <main>Clear</main>
            <description>Sky is Clear</description>
            <icon>01d</icon>
        </weather>
    </city>
    <city>
        <id>5392368</id>
        <name>San Marcos</name>
        <coord>
            <lon>-117.166138</lon>
            <lat>33.143372</lat>
        </coord>
        <main>
            <temp>84.36</temp>
            <pressure>1012</pressure>
            <humidity>38</humidity>
            <temp_min>78.8</temp_min>
            <temp_max>91.99</temp_max>
        </main>
        <dt>1442171080</dt>
        <wind>
            <speed>2.6</speed>
            <deg>310</deg>
        </wind>
        <clouds>
            <all>1</all>
        </clouds>
        <weather>
            <id>800</id>
            <main>Clear</main>
            <description>Sky is Clear</description>
            <icon>01d</icon>
        </weather>
    </city>
    <city>
        <id>5346827</id>
        <name>Escondido</name>
        <coord>
            <lon>-117.086418</lon>
            <lat>33.119209</lat>
        </coord>
        <main>
            <temp>84.52</temp>
            <pressure>1012</pressure>
            <humidity>57</humidity>
            <temp_min>78.8</temp_min>
            <temp_max>93</temp_max>
        </main>
        <dt>1442171070</dt>
        <wind>
            <speed>3.6</speed>
            <deg>240</deg>
        </wind>
        <clouds>
            <all>1</all>
        </clouds>
        <weather>
            <id>800</id>
            <main>Clear</main>
            <description>Sky is Clear</description>
            <icon>01d</icon>
        </weather>
    </city>
    <city>
        <id>5409260</id>
        <name>Wildomar</name>
        <coord>
            <lon>-117.280037</lon>
            <lat>33.598911</lat>
        </coord>
        <main>
            <temp>85.68</temp>
            <pressure>1012</pressure>
            <humidity>45</humidity>
            <temp_min>79.52</temp_min>
            <temp_max>93.99</temp_max>
        </main>
        <dt>1442171083</dt>
        <wind>
            <speed>1.57</speed>
            <deg>218.006</deg>
        </wind>
        <clouds>
            <all>1</all>
        </clouds>
        <weather>
            <id>800</id>
            <main>Clear</main>
            <description>Sky is Clear</description>
            <icon>01d</icon>
        </weather>
    </city>
    <city>
        <id>5364499</id>
        <name>Lake Elsinore</name>
        <coord>
            <lon>-117.327263</lon>
            <lat>33.668079</lat>
        </coord>
        <main>
            <temp>87.58</temp>
            <pressure>1012</pressure>
            <humidity>45</humidity>
            <temp_min>82</temp_min>
            <temp_max>97</temp_max>
        </main>
        <dt>1442171073</dt>
        <wind>
            <speed>1.57</speed>
            <deg>218.006</deg>
        </wind>
        <clouds>
            <all>1</all>
        </clouds>
        <weather>
            <id>800</id>
            <main>Clear</main>
            <description>Sky is Clear</description>
            <icon>01d</icon>
        </weather>
    </city>
    <city>
        <id>5375911</id>
        <name>Murrieta</name>
        <coord>
            <lon>-117.213921</lon>
            <lat>33.553909</lat>
        </coord>
        <main>
            <temp>85.91</temp>
            <pressure>1012</pressure>
            <humidity>45</humidity>
            <temp_min>79.52</temp_min>
            <temp_max>91.99</temp_max>
        </main>
        <dt>1442171075</dt>
        <wind>
            <speed>1.77</speed>
            <deg>258.006</deg>
        </wind>
        <clouds>
            <all>1</all>
        </clouds>
        <weather>
            <id>800</id>
            <main>Clear</main>
            <description>Sky is Clear</description>
            <icon>01d</icon>
        </weather>
    </city>
    <city>
        <id>5401395</id>
        <name>Temecula</name>
        <coord>
            <lon>-117.148361</lon>
            <lat>33.493641</lat>
        </coord>
        <main>
            <temp>85.89</temp>
            <pressure>1012</pressure>
            <humidity>45</humidity>
            <temp_min>79.52</temp_min>
            <temp_max>93.99</temp_max>
        </main>
        <dt>1442171082</dt>
        <wind>
            <speed>1.57</speed>
            <deg>218.006</deg>
        </wind>
        <clouds>
            <all>1</all>
        </clouds>
        <weather>
            <id>800</id>
            <main>Clear</main>
            <description>Sky is Clear</description>
            <icon>01d</icon>
        </weather>
    </city>
    <city>
        <id>5399901</id>
        <name>Sun City</name>
        <coord>
            <lon>-117.197258</lon>
            <lat>33.70919</lat>
        </coord>
        <main>
            <temp>86.02</temp>
            <pressure>1013</pressure>
            <humidity>42</humidity>
            <temp_min>73.51</temp_min>
            <temp_max>93.99</temp_max>
        </main>
        <dt>1442171082</dt>
        <wind>
            <speed>1</speed>
            <deg>0</deg>
        </wind>
        <clouds>
            <all>1</all>
        </clouds>
        <weather>
            <id>800</id>
            <main>Clear</main>
            <description>Sky is Clear</description>
            <icon>01d</icon>
        </weather>
    </city>
    <city>
        <id>5372205</id>
        <name>Menifee</name>
        <coord>
            <lon>-117.146423</lon>
            <lat>33.728352</lat>
        </coord>
        <main>
            <temp>86.13</temp>
            <pressure>1013</pressure>
            <humidity>42</humidity>
            <temp_min>73.51</temp_min>
            <temp_max>93.99</temp_max>
        </main>
        <dt>1442171074</dt>
        <wind>
            <speed>1</speed>
            <deg>0</deg>
        </wind>
        <clouds>
            <all>1</all>
        </clouds>
        <weather>
            <id>800</id>
            <main>Clear</main>
            <description>Sky is Clear</description>
            <icon>01d</icon>
        </weather>
    </city>
    <city>
        <id>5356521</id>
        <name>Hermosa Beach</name>
        <coord>
            <lon>-118.399521</lon>
            <lat>33.86224</lat>
        </coord>
        <main>
            <temp>84.85</temp>
            <pressure>1012</pressure>
            <humidity>48</humidity>
            <temp_min>78.8</temp_min>
            <temp_max>93</temp_max>
        </main>
        <dt>1442171071</dt>
        <wind>
            <speed>2.1</speed>
            <deg>300</deg>
        </wind>
        <clouds>
            <all>1</all>
        </clouds>
        <weather>
            <id>800</id>
            <main>Clear</main>
            <description>Sky is Clear</description>
            <icon>01d</icon>
        </weather>
    </city>
    <city>
        <id>5370082</id>
        <name>Manhattan Beach</name>
        <coord>
            <lon>-118.410912</lon>
            <lat>33.884739</lat>
        </coord>
        <main>
            <temp>85.48</temp>
            <pressure>1012</pressure>
            <humidity>61</humidity>
            <temp_min>78.8</temp_min>
            <temp_max>93.99</temp_max>
        </main>
        <dt>1442171074</dt>
        <wind>
            <speed>2.1</speed>
            <deg>220</deg>
        </wind>
        <clouds>
            <all>40</all>
        </clouds>
        <weather>
            <id>802</id>
            <main>Clouds</main>
            <description>scattered clouds</description>
            <icon>03d</icon>
        </weather>
    </city>
    <city>
        <id>5345860</id>
        <name>El Segundo</name>
        <coord>
            <lon>-118.416473</lon>
            <lat>33.919182</lat>
        </coord>
        <main>
            <temp>85.71</temp>
            <pressure>1012</pressure>
            <humidity>61</humidity>
            <temp_min>78.8</temp_min>
            <temp_max>93.99</temp_max>
        </main>
        <dt>1442171070</dt>
        <wind>
            <speed>2.1</speed>
            <deg>220</deg>
        </wind>
        <clouds>
            <all>40</all>
        </clouds>
        <weather>
            <id>802</id>
            <main>Clouds</main>
            <description>scattered clouds</description>
            <icon>03d</icon>
        </weather>
    </city>
    <city>
        <id>5367767</id>
        <name>Lomita</name>
        <coord>
            <lon>-118.315071</lon>
            <lat>33.79224</lat>
        </coord>
        <main>
            <temp>84.49</temp>
            <pressure>1012</pressure>
            <humidity>58</humidity>
            <temp_min>78.8</temp_min>
            <temp_max>93</temp_max>
        </main>
        <dt>1442171074</dt>
        <wind>
            <speed>4.1</speed>
            <deg>300</deg>
        </wind>
        <clouds>
            <all>5</all>
        </clouds>
        <weather>
            <id>800</id>
            <main>Clear</main>
            <description>Sky is Clear</description>
            <icon>02d</icon>
        </weather>
    </city>
    <city>
        <id>5403022</id>
        <name>Torrance</name>
        <coord>
            <lon>-118.34063</lon>
            <lat>33.83585</lat>
        </coord>
        <main>
            <temp>84.49</temp>
            <pressure>1012</pressure>
            <humidity>58</humidity>
            <temp_min>78.8</temp_min>
            <temp_max>93</temp_max>
        </main>
        <dt>1442171082</dt>
        <wind>
            <speed>4.1</speed>
            <deg>300</deg>
        </wind>
        <clouds>
            <all>5</all>
        </clouds>
        <weather>
            <id>800</id>
            <main>Clear</main>
            <description>Sky is Clear</description>
            <icon>02d</icon>
        </weather>
    </city>
    <city>
        <id>5386785</id>
        <name>Redondo Beach</name>
        <coord>
            <lon>-118.388412</lon>
            <lat>33.849178</lat>
        </coord>
        <main>
            <temp>84.85</temp>
            <pressure>1012</pressure>
            <humidity>48</humidity>
            <temp_min>78.8</temp_min>
            <temp_max>93</temp_max>
        </main>
        <dt>1442171078</dt>
        <wind>
            <speed>2.1</speed>
            <deg>300</deg>
        </wind>
        <clouds>
            <all>1</all>
        </clouds>
        <weather>
            <id>800</id>
            <main>Clear</main>
            <description>Sky is Clear</description>
            <icon>01d</icon>
        </weather>
    </city>
    <city>
        <id>5365603</id>
        <name>Lawndale</name>
        <coord>
            <lon>-118.35257</lon>
            <lat>33.887241</lat>
        </coord>
        <main>
            <temp>85.28</temp>
            <pressure>1012</pressure>
            <humidity>48</humidity>
            <temp_min>78.8</temp_min>
            <temp_max>93.99</temp_max>
        </main>
        <dt>1442171073</dt>
        <wind>
            <speed>2.1</speed>
            <deg>300</deg>
        </wind>
        <clouds>
            <all>1</all>
        </clouds>
        <weather>
            <id>800</id>
            <main>Clear</main>
            <description>Sky is Clear</description>
            <icon>01d</icon>
        </weather>
    </city>
    <city>
        <id>5355828</id>
        <name>Hawthorne</name>
        <coord>
            <lon>-118.35257</lon>
            <lat>33.916401</lat>
        </coord>
        <main>
            <temp>85.55</temp>
            <pressure>1012</pressure>
            <humidity>48</humidity>
            <temp_min>78.8</temp_min>
            <temp_max>93.99</temp_max>
        </main>
        <dt>1442171071</dt>
        <wind>
            <speed>2.1</speed>
            <deg>300</deg>
        </wind>
        <clouds>
            <all>1</all>
        </clouds>
        <weather>
            <id>800</id>
            <main>Clear</main>
            <description>Sky is Clear</description>
            <icon>01d</icon>
        </weather>
    </city>
    <city>
        <id>5351549</id>
        <name>Gardena</name>
        <coord>
            <lon>-118.30896</lon>
            <lat>33.888351</lat>
        </coord>
        <main>
            <temp>85.01</temp>
            <pressure>1012</pressure>
            <humidity>48</humidity>
            <temp_min>78.8</temp_min>
            <temp_max>93.99</temp_max>
        </main>
        <dt>1442171071</dt>
        <wind>
            <speed>2.1</speed>
            <deg>300</deg>
        </wind>
        <clouds>
            <all>1</all>
        </clouds>
        <weather>
            <id>800</id>
            <main>Clear</main>
            <description>Sky is Clear</description>
            <icon>01d</icon>
        </weather>
    </city>
    <city>
        <id>5365937</id>
        <name>Lennox</name>
        <coord>
            <lon>-118.352577</lon>
            <lat>33.938068</lat>
        </coord>
        <main>
            <temp>85.6</temp>
            <pressure>1012</pressure>
            <humidity>48</humidity>
            <temp_min>78.8</temp_min>
            <temp_max>93.99</temp_max>
        </main>
        <dt>1442171073</dt>
        <wind>
            <speed>2.1</speed>
            <deg>300</deg>
        </wind>
        <clouds>
            <all>1</all>
        </clouds>
        <weather>
            <id>800</id>
            <main>Clear</main>
            <description>Sky is Clear</description>
            <icon>01d</icon>
        </weather>
    </city>
    <city>
        <id>5359488</id>
        <name>Inglewood</name>
        <coord>
            <lon>-118.353127</lon>
            <lat>33.961681</lat>
        </coord>
        <main>
            <temp>85.26</temp>
            <pressure>1012</pressure>
            <humidity>48</humidity>
            <temp_min>78.8</temp_min>
            <temp_max>93.99</temp_max>
        </main>
        <dt>1442171072</dt>
        <wind>
            <speed>2.1</speed>
            <deg>300</deg>
        </wind>
        <clouds>
            <all>1</all>
        </clouds>
        <weather>
            <id>800</id>
            <main>Clear</main>
            <description>Sky is Clear</description>
            <icon>01d</icon>
        </weather>
    </city>
    <city>
        <id>5408431</id>
        <name>Westmont</name>
        <coord>
            <lon>-118.302299</lon>
            <lat>33.941399</lat>
        </coord>
        <main>
            <temp>86.27</temp>
            <pressure>1012</pressure>
            <humidity>48</humidity>
            <temp_min>78.8</temp_min>
            <temp_max>97</temp_max>
        </main>
        <dt>1442171083</dt>
        <wind>
            <speed>2.1</speed>
            <deg>300</deg>
        </wind>
        <clouds>
            <all>1</all>
        </clouds>
        <weather>
            <id>800</id>
            <main>Clear</main>
            <description>Sky is Clear</description>
            <icon>01d</icon>
        </weather>
    </city>
    <city>
        <id>5407908</id>
        <name>West Carson</name>
        <coord>
            <lon>-118.292572</lon>
            <lat>33.821678</lat>
        </coord>
        <main>
            <temp>85.53</temp>
            <pressure>1012</pressure>
            <humidity>58</humidity>
            <temp_min>78.8</temp_min>
            <temp_max>93.99</temp_max>
        </main>
        <dt>1442171083</dt>
        <wind>
            <speed>4.1</speed>
            <deg>300</deg>
        </wind>
        <clouds>
            <all>5</all>
        </clouds>
        <weather>
            <id>800</id>
            <main>Clear</main>
            <description>Sky is Clear</description>
            <icon>02d</icon>
        </weather>
    </city>
    <city>
        <id>5334519</id>
        <name>Carson</name>
        <coord>
            <lon>-118.282021</lon>
            <lat>33.831409</lat>
        </coord>
        <main>
            <temp>84.76</temp>
            <pressure>1012</pressure>
            <humidity>58</humidity>
            <temp_min>78.8</temp_min>
            <temp_max>93</temp_max>
        </main>
        <dt>1442171068</dt>
        <wind>
            <speed>4.1</speed>
            <deg>300</deg>
        </wind>
        <clouds>
            <all>5</all>
        </clouds>
        <weather>
            <id>800</id>
            <main>Clear</main>
            <description>Sky is Clear</description>
            <icon>02d</icon>
        </weather>
    </city>
    <city>
        <id>5409768</id>
        <name>Willowbrook</name>
        <coord>
            <lon>-118.255074</lon>
            <lat>33.916962</lat>
        </coord>
        <main>
            <temp>86.25</temp>
            <pressure>1012</pressure>
            <humidity>48</humidity>
            <temp_min>78.8</temp_min>
            <temp_max>97</temp_max>
        </main>
        <dt>1442171083</dt>
        <wind>
            <speed>2.1</speed>
            <deg>300</deg>
        </wind>
        <clouds>
            <all>1</all>
        </clouds>
        <weather>
            <id>800</id>
            <main>Clear</main>
            <description>Sky is Clear</description>
            <icon>01d</icon>
        </weather>
    </city>
    <city>
        <id>5339066</id>
        <name>Compton</name>
        <coord>
            <lon>-118.22007</lon>
            <lat>33.895851</lat>
        </coord>
        <main>
            <temp>85.41</temp>
            <pressure>1012</pressure>
            <humidity>48</humidity>
            <temp_min>78.8</temp_min>
            <temp_max>97</temp_max>
        </main>
        <dt>1442171068</dt>
        <wind>
            <speed>2.1</speed>
            <deg>300</deg>
        </wind>
        <clouds>
            <all>1</all>
        </clouds>
        <weather>
            <id>800</id>
            <main>Clear</main>
            <description>Sky is Clear</description>
            <icon>01d</icon>
        </weather>
    </city>
    <city>
        <id>5367929</id>
        <name>Long Beach</name>
        <coord>
            <lon>-118.189232</lon>
            <lat>33.76696</lat>
        </coord>
        <main>
            <temp>85.1</temp>
            <pressure>1012</pressure>
            <humidity>54</humidity>
            <temp_min>78.8</temp_min>
            <temp_max>97</temp_max>
        </main>
        <dt>1442171074</dt>
        <wind>
            <speed>2.6</speed>
            <deg>0</deg>
        </wind>
        <clouds>
            <all>1</all>
        </clouds>
        <weather>
            <id>800</id>
            <main>Clear</main>
            <description>Sky is Clear</description>
            <icon>01d</icon>
        </weather>
    </city>
    <city>
        <id>5344817</id>
        <name>East Rancho Dominguez</name>
        <coord>
            <lon>-118.195351</lon>
            <lat>33.898071</lat>
        </coord>
        <main>
            <temp>85.35</temp>
            <pressure>1012</pressure>
            <humidity>54</humidity>
            <temp_min>78.8</temp_min>
            <temp_max>93.99</temp_max>
        </main>
        <dt>1442171070</dt>
        <wind>
            <speed>2.6</speed>
            <deg>0</deg>
        </wind>
        <clouds>
            <all>1</all>
        </clouds>
        <weather>
            <id>800</id>
            <main>Clear</main>
            <description>Sky is Clear</description>
            <icon>01d</icon>
        </weather>
    </city>
    <city>
        <id>5364855</id>
        <name>Lakewood</name>
        <coord>
            <lon>-118.133957</lon>
            <lat>33.85363</lat>
        </coord>
        <main>
            <temp>85.06</temp>
            <pressure>1012</pressure>
            <humidity>54</humidity>
            <temp_min>78.8</temp_min>
            <temp_max>93</temp_max>
        </main>
        <dt>1442171073</dt>
        <wind>
            <speed>2.6</speed>
            <deg>0</deg>
        </wind>
        <clouds>
            <all>1</all>
        </clouds>
        <weather>
            <id>800</id>
            <main>Clear</main>
            <description>Sky is Clear</description>
            <icon>01d</icon>
        </weather>
    </city>
    <city>
        <id>5381110</id>
        <name>Paramount</name>
        <coord>
            <lon>-118.15979</lon>
            <lat>33.889462</lat>
        </coord>
        <main>
            <temp>85.48</temp>
            <pressure>1012</pressure>
            <humidity>54</humidity>
            <temp_min>78.8</temp_min>
            <temp_max>97</temp_max>
        </main>
        <dt>1442171077</dt>
        <wind>
            <speed>2.6</speed>
            <deg>0</deg>
        </wind>
        <clouds>
            <all>1</all>
        </clouds>
        <weather>
            <id>800</id>
            <main>Clear</main>
            <description>Sky is Clear</description>
            <icon>01d</icon>
        </weather>
    </city>
    <city>
        <id>7261268</id>
        <name>Florence-Graham</name>
        <coord>
            <lon>-118.244377</lon>
            <lat>33.96772</lat>
        </coord>
        <main>
            <temp>85.5</temp>
            <pressure>1012</pressure>
            <humidity>48</humidity>
            <temp_min>78.8</temp_min>
            <temp_max>93.99</temp_max>
        </main>
        <dt>1442171127</dt>
        <wind>
            <speed>2.1</speed>
            <deg>300</deg>
        </wind>
        <clouds>
            <all>1</all>
        </clouds>
        <weather>
            <id>800</id>
            <main>Clear</main>
            <description>Sky is Clear</description>
            <icon>01d</icon>
        </weather>
    </city>
    <city>
        <id>5358736</id>
        <name>Huntington Park</name>
        <coord>
            <lon>-118.225067</lon>
            <lat>33.981682</lat>
        </coord>
        <main>
            <temp>85.39</temp>
            <pressure>1012</pressure>
            <humidity>48</humidity>
            <temp_min>78.8</temp_min>
            <temp_max>93.99</temp_max>
        </main>
        <dt>1442171072</dt>
        <wind>
            <speed>2.1</speed>
            <deg>300</deg>
        </wind>
        <clouds>
            <all>1</all>
        </clouds>
        <weather>
            <id>800</id>
            <main>Clear</main>
            <description>Sky is Clear</description>
            <icon>01d</icon>
        </weather>
    </city>
    <city>
        <id>5369367</id>
        <name>Lynwood</name>
        <coord>
            <lon>-118.211456</lon>
            <lat>33.93029</lat>
        </coord>
        <main>
            <temp>85.39</temp>
            <pressure>1012</pressure>
            <humidity>48</humidity>
            <temp_min>78.8</temp_min>
            <temp_max>93.99</temp_max>
        </main>
        <dt>1442171074</dt>
        <wind>
            <speed>2.1</speed>
            <deg>300</deg>
        </wind>
        <clouds>
            <all>1</all>
        </clouds>
        <weather>
            <id>800</id>
            <main>Clear</main>
            <description>Sky is Clear</description>
            <icon>01d</icon>
        </weather>
    </city>
    <city>
        <id>5397603</id>
        <name>South Gate</name>
        <coord>
            <lon>-118.212021</lon>
            <lat>33.954739</lat>
        </coord>
        <main>
            <temp>85.39</temp>
            <pressure>1012</pressure>
            <humidity>48</humidity>
            <temp_min>78.8</temp_min>
            <temp_max>93.99</temp_max>
        </main>
        <dt>1442171081</dt>
        <wind>
            <speed>2.1</speed>
            <deg>300</deg>
        </wind>
        <clouds>
            <all>1</all>
        </clouds>
        <weather>
            <id>800</id>
            <main>Clear</main>
            <description>Sky is Clear</description>
            <icon>01d</icon>
        </weather>
    </city>
    <city>
        <id>5341051</id>
        <name>Cudahy</name>
        <coord>
            <lon>-118.185349</lon>
            <lat>33.960571</lat>
        </coord>
        <main>
            <temp>85.84</temp>
            <pressure>1012</pressure>
            <humidity>48</humidity>
            <temp_min>78.8</temp_min>
            <temp_max>97</temp_max>
        </main>
        <dt>1442171069</dt>
        <wind>
            <speed>2.1</speed>
            <deg>300</deg>
        </wind>
        <clouds>
            <all>1</all>
        </clouds>
        <weather>
            <id>800</id>
            <main>Clear</main>
            <description>Sky is Clear</description>
            <icon>01d</icon>
        </weather>
    </city>
    <city>
        <id>5327298</id>
        <name>Bell</name>
        <coord>
            <lon>-118.187019</lon>
            <lat>33.977509</lat>
        </coord>
        <main>
            <temp>85.84</temp>
            <pressure>1011</pressure>
            <humidity>48</humidity>
            <temp_min>78.8</temp_min>
            <temp_max>97</temp_max>
        </main>
        <dt>1442171067</dt>
        <wind>
            <speed>1.12</speed>
            <deg>148.506</deg>
        </wind>
        <clouds>
            <all>1</all>
        </clouds>
        <weather>
            <id>800</id>
            <main>Clear</main>
            <description>Sky is Clear</description>
            <icon>01d</icon>
        </weather>
    </city>
    <city>
        <id>5371261</id>
        <name>Maywood</name>
        <coord>
            <lon>-118.185349</lon>
            <lat>33.986679</lat>
        </coord>
        <main>
            <temp>85.32</temp>
            <pressure>1011</pressure>
            <humidity>48</humidity>
            <temp_min>78.8</temp_min>
            <temp_max>93.99</temp_max>
        </main>
        <dt>1442171074</dt>
        <wind>
            <speed>1.22</speed>
            <deg>208.006</deg>
        </wind>
        <clouds>
            <all>1</all>
        </clouds>
        <weather>
            <id>800</id>
            <main>Clear</main>
            <description>Sky is Clear</description>
            <icon>01d</icon>
        </weather>
    </city>
    <city>
        <id>5327319</id>
        <name>Bell Gardens</name>
        <coord>
            <lon>-118.151459</lon>
            <lat>33.96529</lat>
        </coord>
        <main>
            <temp>85.84</temp>
            <pressure>1011</pressure>
            <humidity>48</humidity>
            <temp_min>78.8</temp_min>
            <temp_max>97</temp_max>
        </main>
        <dt>1442171067</dt>
        <wind>
            <speed>1.12</speed>
            <deg>148.506</deg>
        </wind>
        <clouds>
            <all>1</all>
        </clouds>
        <weather>
            <id>800</id>
            <main>Clear</main>
            <description>Sky is Clear</description>
            <icon>01d</icon>
        </weather>
    </city>
    <city>
        <id>5343858</id>
        <name>Downey</name>
        <coord>
            <lon>-118.132568</lon>
            <lat>33.94001</lat>
        </coord>
        <main>
            <temp>85.93</temp>
            <pressure>1012</pressure>
            <humidity>54</humidity>
            <temp_min>79</temp_min>
            <temp_max>97</temp_max>
        </main>
        <dt>1442171069</dt>
        <wind>
            <speed>2.6</speed>
            <deg>0</deg>
        </wind>
        <clouds>
            <all>1</all>
        </clouds>
        <weather>
            <id>800</id>
            <main>Clear</main>
            <description>Sky is Clear</description>
            <icon>01d</icon>
        </weather>
    </city>
    <city>
        <id>5341256</id>
        <name>Cypress</name>
        <coord>
            <lon>-118.037292</lon>
            <lat>33.816959</lat>
        </coord>
        <main>
            <temp>85.26</temp>
            <pressure>1011</pressure>
            <humidity>51</humidity>
            <temp_min>78.8</temp_min>
            <temp_max>97</temp_max>
        </main>
        <dt>1442171069</dt>
        <wind>
            <speed>1.12</speed>
            <deg>148.506</deg>
        </wind>
        <clouds>
            <all>1</all>
        </clouds>
        <weather>
            <id>800</id>
            <main>Clear</main>
            <description>Sky is Clear</description>
            <icon>01d</icon>
        </weather>
    </city>
    <city>
        <id>5327422</id>
        <name>Bellflower</name>
        <coord>
            <lon>-118.117012</lon>
            <lat>33.88168</lat>
        </coord>
        <main>
            <temp>85.62</temp>
            <pressure>1012</pressure>
            <humidity>54</humidity>
            <temp_min>78.8</temp_min>
            <temp_max>97</temp_max>
        </main>
        <dt>1442171067</dt>
        <wind>
            <speed>2.6</speed>
            <deg>0</deg>
        </wind>
        <clouds>
            <all>1</all>
        </clouds>
        <weather>
            <id>800</id>
            <main>Clear</main>
            <description>Sky is Clear</description>
            <icon>01d</icon>
        </weather>
    </city>
    <city>
        <id>5324862</id>
        <name>Artesia</name>
        <coord>
            <lon>-118.083122</lon>
            <lat>33.865849</lat>
        </coord>
        <main>
            <temp>85.55</temp>
            <pressure>1012</pressure>
            <humidity>54</humidity>
            <temp_min>79</temp_min>
            <temp_max>97</temp_max>
        </main>
        <dt>1442171066</dt>
        <wind>
            <speed>2.6</speed>
            <deg>0</deg>
        </wind>
        <clouds>
            <all>1</all>
        </clouds>
        <weather>
            <id>800</id>
            <main>Clear</main>
            <description>Sky is Clear</description>
            <icon>01d</icon>
        </weather>
    </city>
    <city>
        <id>5377995</id>
        <name>Norwalk</name>
        <coord>
            <lon>-118.081734</lon>
            <lat>33.902241</lat>
        </coord>
        <main>
            <temp>85.55</temp>
            <pressure>1011</pressure>
            <humidity>51</humidity>
            <temp_min>79</temp_min>
            <temp_max>97</temp_max>
        </main>
        <dt>1442171076</dt>
        <wind>
            <speed>1.12</speed>
            <deg>148.506</deg>
        </wind>
        <clouds>
            <all>1</all>
        </clouds>
        <weather>
            <id>800</id>
            <main>Clear</main>
            <description>Sky is Clear</description>
            <icon>01d</icon>
        </weather>
    </city>
    <city>
        <id>5335663</id>
        <name>Cerritos</name>
        <coord>
            <lon>-118.064789</lon>
            <lat>33.858349</lat>
        </coord>
        <main>
            <temp>85.55</temp>
            <pressure>1011</pressure>
            <humidity>51</humidity>
            <temp_min>79</temp_min>
            <temp_max>97</temp_max>
        </main>
        <dt>1442171068</dt>
        <wind>
            <speed>1.12</speed>
            <deg>148.506</deg>
        </wind>
        <clouds>
            <all>1</all>
        </clouds>
        <weather>
            <id>800</id>
            <main>Clear</main>
            <description>Sky is Clear</description>
            <icon>01d</icon>
        </weather>
    </city>
    <city>
        <id>5364022</id>
        <name>La Palma</name>
        <coord>
            <lon>-118.04673</lon>
            <lat>33.846401</lat>
        </coord>
        <main>
            <temp>85.14</temp>
            <pressure>1011</pressure>
            <humidity>51</humidity>
            <temp_min>78.8</temp_min>
            <temp_max>93</temp_max>
        </main>
        <dt>1442171072</dt>
        <wind>
            <speed>1.12</speed>
            <deg>148.506</deg>
        </wind>
        <clouds>
            <all>1</all>
        </clouds>
        <weather>
            <id>800</id>
            <main>Clear</main>
            <description>Sky is Clear</description>
            <icon>01d</icon>
        </weather>
    </city>
    <city>
        <id>5408406</id>
        <name>Westminster</name>
        <coord>
            <lon>-118.006729</lon>
            <lat>33.759178</lat>
        </coord>
        <main>
            <temp>84.76</temp>
            <pressure>1011</pressure>
            <humidity>51</humidity>
            <temp_min>78.8</temp_min>
            <temp_max>91.99</temp_max>
        </main>
        <dt>1442171083</dt>
        <wind>
            <speed>1.12</speed>
            <deg>148.506</deg>
        </wind>
        <clouds>
            <all>1</all>
        </clouds>
        <weather>
            <id>800</id>
            <main>Clear</main>
            <description>Sky is Clear</description>
            <icon>01d</icon>
        </weather>
    </city>
    <city>
        <id>5398630</id>
        <name>Stanton</name>
        <coord>
            <lon>-117.993118</lon>
            <lat>33.802521</lat>
        </coord>
        <main>
            <temp>84.81</temp>
            <pressure>1011</pressure>
            <humidity>51</humidity>
            <temp_min>78.8</temp_min>
            <temp_max>91.99</temp_max>
        </main>
        <dt>1442171081</dt>
        <wind>
            <speed>1.12</speed>
            <deg>148.506</deg>
        </wind>
        <clouds>
            <all>1</all>
        </clouds>
        <weather>
            <id>800</id>
            <main>Clear</main>
            <description>Sky is Clear</description>
            <icon>01d</icon>
        </weather>
    </city>
    <city>
        <id>5331575</id>
        <name>Buena Park</name>
        <coord>
            <lon>-117.998123</lon>
            <lat>33.867512</lat>
        </coord>
        <main>
            <temp>85.46</temp>
            <pressure>1011</pressure>
            <humidity>51</humidity>
            <temp_min>79</temp_min>
            <temp_max>97</temp_max>
        </main>
        <dt>1442171067</dt>
        <wind>
            <speed>1.57</speed>
            <deg>218.006</deg>
        </wind>
        <clouds>
            <all>1</all>
        </clouds>
        <weather>
            <id>800</id>
            <main>Clear</main>
            <description>Sky is Clear</description>
            <icon>01d</icon>
        </weather>
    </city>
    <city>
        <id>5364007</id>
        <name>La Mirada</name>
        <coord>
            <lon>-118.012009</lon>
            <lat>33.91724</lat>
        </coord>
        <main>
            <temp>85.15</temp>
            <pressure>1011</pressure>
            <humidity>51</humidity>
            <temp_min>78.8</temp_min>
            <temp_max>93</temp_max>
        </main>
        <dt>1442171072</dt>
        <wind>
            <speed>1.22</speed>
            <deg>208.006</deg>
        </wind>
        <clouds>
            <all>1</all>
        </clouds>
        <weather>
            <id>800</id>
            <main>Clear</main>
            <description>Sky is Clear</description>
            <icon>01d</icon>
        </weather>
    </city>
    <city>
        <id>5393128</id>
        <name>Santa Fe Springs</name>
        <coord>
            <lon>-118.08535</lon>
            <lat>33.947239</lat>
        </coord>
        <main>
            <temp>85.86</temp>
            <pressure>1011</pressure>
            <humidity>51</humidity>
            <temp_min>79</temp_min>
            <temp_max>97</temp_max>
        </main>
        <dt>1442171080</dt>
        <wind>
            <speed>1.12</speed>
            <deg>148.506</deg>
        </wind>
        <clouds>
            <all>1</all>
        </clouds>
        <weather>
            <id>800</id>
            <main>Clear</main>
            <description>Sky is Clear</description>
            <icon>01d</icon>
        </weather>
    </city>
    <city>
        <id>5382496</id>
        <name>Pico Rivera</name>
        <coord>
            <lon>-118.096741</lon>
            <lat>33.98307</lat>
        </coord>
        <main>
            <temp>86.27</temp>
            <pressure>1011</pressure>
            <humidity>51</humidity>
            <temp_min>79</temp_min>
            <temp_max>97</temp_max>
        </main>
        <dt>1442171077</dt>
        <wind>
            <speed>1.12</speed>
            <deg>148.506</deg>
        </wind>
        <clouds>
            <all>1</all>
        </clouds>
        <weather>
            <id>800</id>
            <main>Clear</main>
            <description>Sky is Clear</description>
            <icon>01d</icon>
        </weather>
    </city>
    <city>
        <id>5397841</id>
        <name>South Whittier</name>
        <coord>
            <lon>-118.041733</lon>
            <lat>33.96085</lat>
        </coord>
        <main>
            <temp>85.12</temp>
            <pressure>1011</pressure>
            <humidity>51</humidity>
            <temp_min>78.8</temp_min>
            <temp_max>93</temp_max>
        </main>
        <dt>1442171081</dt>
        <wind>
            <speed>1.22</speed>
            <deg>208.006</deg>
        </wind>
        <clouds>
            <all>1</all>
        </clouds>
        <weather>
            <id>800</id>
            <main>Clear</main>
            <description>Sky is Clear</description>
            <icon>01d</icon>
        </weather>
    </city>
    <city>
        <id>7262518</id>
        <name>West Whittier-Los Nietos</name>
        <coord>
            <lon>-118.069092</lon>
            <lat>33.976002</lat>
        </coord>
        <main>
            <temp>86.07</temp>
            <pressure>1011</pressure>
            <humidity>51</humidity>
            <temp_min>79</temp_min>
            <temp_max>97</temp_max>
        </main>
        <dt>1442171127</dt>
        <wind>
            <speed>1.12</speed>
            <deg>148.506</deg>
        </wind>
        <clouds>
            <all>1</all>
        </clouds>
        <weather>
            <id>800</id>
            <main>Clear</main>
            <description>Sky is Clear</description>
            <icon>01d</icon>
        </weather>
    </city>
    <city>
        <id>5409059</id>
        <name>Whittier</name>
        <coord>
            <lon>-118.032837</lon>
            <lat>33.979179</lat>
        </coord>
        <main>
            <temp>85.14</temp>
            <pressure>1011</pressure>
            <humidity>51</humidity>
            <temp_min>78.8</temp_min>
            <temp_max>93</temp_max>
        </main>
        <dt>1442171083</dt>
        <wind>
            <speed>1.22</speed>
            <deg>208.006</deg>
        </wind>
        <clouds>
            <all>1</all>
        </clouds>
        <weather>
            <id>800</id>
            <main>Clear</main>
            <description>Sky is Clear</description>
            <icon>01d</icon>
        </weather>
    </city>
    <city>
        <id>5354819</id>
        <name>Hacienda Heights</name>
        <coord>
            <lon>-117.968681</lon>
            <lat>33.993069</lat>
        </coord>
        <main>
            <temp>85.05</temp>
            <pressure>1011</pressure>
            <humidity>51</humidity>
            <temp_min>78.8</temp_min>
            <temp_max>93</temp_max>
        </main>
        <dt>1442171071</dt>
        <wind>
            <speed>1.22</speed>
            <deg>208.006</deg>
        </wind>
        <clouds>
            <all>1</all>
        </clouds>
        <weather>
            <id>800</id>
            <main>Clear</main>
            <description>Sky is Clear</description>
            <icon>01d</icon>
        </weather>
    </city>
    <city>
        <id>5351515</id>
        <name>Garden Grove</name>
        <coord>
            <lon>-117.941452</lon>
            <lat>33.773911</lat>
        </coord>
        <main>
            <temp>84.74</temp>
            <pressure>1011</pressure>
            <humidity>51</humidity>
            <temp_min>78.8</temp_min>
            <temp_max>91</temp_max>
        </main>
        <dt>1442171071</dt>
        <wind>
            <speed>1.12</speed>
            <deg>148.506</deg>
        </wind>
        <clouds>
            <all>1</all>
        </clouds>
        <weather>
            <id>800</id>
            <main>Clear</main>
            <description>Sky is Clear</description>
            <icon>01d</icon>
        </weather>
    </city>
    <city>
        <id>5323810</id>
        <name>Anaheim</name>
        <coord>
            <lon>-117.914497</lon>
            <lat>33.835289</lat>
        </coord>
        <main>
            <temp>85.59</temp>
            <pressure>1011</pressure>
            <humidity>51</humidity>
            <temp_min>79</temp_min>
            <temp_max>97</temp_max>
        </main>
        <dt>1442171066</dt>
        <wind>
            <speed>1.57</speed>
            <deg>218.006</deg>
        </wind>
        <clouds>
            <all>1</all>
        </clouds>
        <weather>
            <id>800</id>
            <main>Clear</main>
            <description>Sky is Clear</description>
            <icon>01d</icon>
        </weather>
    </city>
    <city>
        <id>5351247</id>
        <name>Fullerton</name>
        <coord>
            <lon>-117.925339</lon>
            <lat>33.870289</lat>
        </coord>
        <main>
            <temp>84.72</temp>
            <pressure>1011</pressure>
            <humidity>51</humidity>
            <temp_min>78.8</temp_min>
            <temp_max>91.99</temp_max>
        </main>
        <dt>1442171071</dt>
        <wind>
            <speed>1.12</speed>
            <deg>148.506</deg>
        </wind>
        <clouds>
            <all>1</all>
        </clouds>
        <weather>
            <id>800</id>
            <main>Clear</main>
            <description>Sky is Clear</description>
            <icon>01d</icon>
        </weather>
    </city>
    <city>
        <id>5383527</id>
        <name>Placentia</name>
        <coord>
            <lon>-117.870338</lon>
            <lat>33.872238</lat>
        </coord>
        <main>
            <temp>85.55</temp>
            <pressure>1011</pressure>
            <humidity>51</humidity>
            <temp_min>79</temp_min>
            <temp_max>97</temp_max>
        </main>
        <dt>1442171077</dt>
        <wind>
            <speed>1.57</speed>
            <deg>218.006</deg>
        </wind>
        <clouds>
            <all>1</all>
        </clouds>
        <weather>
            <id>800</id>
            <main>Clear</main>
            <description>Sky is Clear</description>
            <icon>01d</icon>
        </weather>
    </city>
    <city>
        <id>5330582</id>
        <name>Brea</name>
        <coord>
            <lon>-117.900063</lon>
            <lat>33.916679</lat>
        </coord>
        <main>
            <temp>84.96</temp>
            <pressure>1011</pressure>
            <humidity>51</humidity>
            <temp_min>79</temp_min>
            <temp_max>91.99</temp_max>
        </main>
        <dt>1442171067</dt>
        <wind>
            <speed>1.22</speed>
            <deg>208.006</deg>
        </wind>
        <clouds>
            <all>1</all>
        </clouds>
        <weather>
            <id>800</id>
            <main>Clear</main>
            <description>Sky is Clear</description>
            <icon>01d</icon>
        </weather>
    </city>
    <city>
        <id>5379513</id>
        <name>Orange</name>
        <coord>
            <lon>-117.853111</lon>
            <lat>33.787788</lat>
        </coord>
        <main>
            <temp>85.77</temp>
            <pressure>1012</pressure>
            <humidity>61</humidity>
            <temp_min>79</temp_min>
            <temp_max>97</temp_max>
        </main>
        <dt>1442171076</dt>
        <wind>
            <speed>2.6</speed>
            <deg>0</deg>
        </wind>
        <clouds>
            <all>40</all>
        </clouds>
        <weather>
            <id>802</id>
            <main>Clouds</main>
            <description>scattered clouds</description>
            <icon>03d</icon>
        </weather>
    </city>
    <city>
        <id>5404122</id>
        <name>North Tustin</name>
        <coord>
            <lon>-117.793938</lon>
            <lat>33.764462</lat>
        </coord>
        <main>
            <temp>85.48</temp>
            <pressure>1012</pressure>
            <humidity>61</humidity>
            <temp_min>79</temp_min>
            <temp_max>91.99</temp_max>
        </main>
        <dt>1442171082</dt>
        <wind>
            <speed>2.6</speed>
            <deg>0</deg>
        </wind>
        <clouds>
            <all>40</all>
        </clouds>
        <weather>
            <id>802</id>
            <main>Clouds</main>
            <description>scattered clouds</description>
            <icon>03d</icon>
        </weather>
    </city>
    <city>
        <id>5410902</id>
        <name>Yorba Linda</name>
        <coord>
            <lon>-117.81311</lon>
            <lat>33.88863</lat>
        </coord>
        <main>
            <temp>84.99</temp>
            <pressure>1011</pressure>
            <humidity>51</humidity>
            <temp_min>79</temp_min>
            <temp_max>91.99</temp_max>
        </main>
        <dt>1442171083</dt>
        <wind>
            <speed>1.57</speed>
            <deg>218.006</deg>
        </wind>
        <clouds>
            <all>1</all>
        </clouds>
        <weather>
            <id>800</id>
            <main>Clear</main>
            <description>Sky is Clear</description>
            <icon>01d</icon>
        </weather>
    </city>
    <city>
        <id>5363922</id>
        <name>La Habra</name>
        <coord>
            <lon>-117.946167</lon>
            <lat>33.931961</lat>
        </coord>
        <main>
            <temp>85.26</temp>
            <pressure>1011</pressure>
            <humidity>51</humidity>
            <temp_min>79</temp_min>
            <temp_max>93</temp_max>
        </main>
        <dt>1442171072</dt>
        <wind>
            <speed>1.22</speed>
            <deg>208.006</deg>
        </wind>
        <clouds>
            <all>1</all>
        </clouds>
        <weather>
            <id>800</id>
            <main>Clear</main>
            <description>Sky is Clear</description>
            <icon>01d</icon>
        </weather>
    </city>
    <city>
        <id>5389126</id>
        <name>Rowland Heights</name>
        <coord>
            <lon>-117.905342</lon>
            <lat>33.97612</lat>
        </coord>
        <main>
            <temp>84.99</temp>
            <pressure>1011</pressure>
            <humidity>51</humidity>
            <temp_min>79</temp_min>
            <temp_max>91.99</temp_max>
        </main>
        <dt>1442171079</dt>
        <wind>
            <speed>1.22</speed>
            <deg>208.006</deg>
        </wind>
        <clouds>
            <all>1</all>
        </clouds>
        <weather>
            <id>800</id>
            <main>Clear</main>
            <description>Sky is Clear</description>
            <icon>01d</icon>
        </weather>
    </city>
    <city>
        <id>5336545</id>
        <name>Chino Hills</name>
        <coord>
            <lon>-117.758881</lon>
            <lat>33.993801</lat>
        </coord>
        <main>
            <temp>85.98</temp>
            <pressure>1012</pressure>
            <humidity>40</humidity>
            <temp_min>80.6</temp_min>
            <temp_max>97</temp_max>
        </main>
        <dt>1442171068</dt>
        <wind>
            <speed>1.5</speed>
            <deg>0</deg>
        </wind>
        <clouds>
            <all>20</all>
        </clouds>
        <weather>
            <id>801</id>
            <main>Clouds</main>
            <description>few clouds</description>
            <icon>02d</icon>
        </weather>
    </city>
    <city>
        <id>5339631</id>
        <name>Corona</name>
        <coord>
            <lon>-117.566437</lon>
            <lat>33.87529</lat>
        </coord>
        <main>
            <temp>86.09</temp>
            <pressure>1012</pressure>
            <humidity>40</humidity>
            <temp_min>82.4</temp_min>
            <temp_max>91.99</temp_max>
        </main>
        <dt>1442171069</dt>
        <wind>
            <speed>1.5</speed>
            <deg>0</deg>
        </wind>
        <clouds>
            <all>20</all>
        </clouds>
        <weather>
            <id>801</id>
            <main>Clouds</main>
            <description>few clouds</description>
            <icon>02d</icon>
        </weather>
    </city>
    <city>
        <id>5377199</id>
        <name>Norco</name>
        <coord>
            <lon>-117.54866</lon>
            <lat>33.931129</lat>
        </coord>
        <main>
            <temp>85.77</temp>
            <pressure>1012</pressure>
            <humidity>40</humidity>
            <temp_min>82.4</temp_min>
            <temp_max>91.99</temp_max>
        </main>
        <dt>1442171075</dt>
        <wind>
            <speed>1.5</speed>
            <deg>0</deg>
        </wind>
        <clouds>
            <all>20</all>
        </clouds>
        <weather>
            <id>801</id>
            <main>Clouds</main>
            <description>few clouds</description>
            <icon>02d</icon>
        </weather>
    </city>
    <city>
        <id>5373492</id>
        <name>Mira Loma</name>
        <coord>
            <lon>-117.516441</lon>
            <lat>33.992512</lat>
        </coord>
        <main>
            <temp>85.96</temp>
            <pressure>1012</pressure>
            <humidity>42</humidity>
            <temp_min>82.4</temp_min>
            <temp_max>91.99</temp_max>
        </main>
        <dt>1442171074</dt>
        <wind>
            <speed>1.5</speed>
            <deg>0</deg>
        </wind>
        <clouds>
            <all>1</all>
        </clouds>
        <weather>
            <id>800</id>
            <main>Clear</main>
            <description>Sky is Clear</description>
            <icon>01d</icon>
        </weather>
    </city>
    <city>
        <id>5371858</id>
        <name>Mead Valley</name>
        <coord>
            <lon>-117.29615</lon>
            <lat>33.833351</lat>
        </coord>
        <main>
            <temp>87.28</temp>
            <pressure>1013</pressure>
            <humidity>42</humidity>
            <temp_min>82.4</temp_min>
            <temp_max>97</temp_max>
        </main>
        <dt>1442171074</dt>
        <wind>
            <speed>1</speed>
            <deg>0</deg>
        </wind>
        <clouds>
            <all>1</all>
        </clouds>
        <weather>
            <id>800</id>
            <main>Clear</main>
            <description>Sky is Clear</description>
            <icon>01d</icon>
        </weather>
    </city>
    <city>
        <id>5387877</id>
        <name>Riverside</name>
        <coord>
            <lon>-117.396156</lon>
            <lat>33.95335</lat>
        </coord>
        <main>
            <temp>86.49</temp>
            <pressure>1012</pressure>
            <humidity>42</humidity>
            <temp_min>82.4</temp_min>
            <temp_max>91.99</temp_max>
        </main>
        <dt>1442171078</dt>
        <wind>
            <speed>1.5</speed>
            <deg>0</deg>
        </wind>
        <clouds>
            <all>1</all>
        </clouds>
        <weather>
            <id>800</id>
            <main>Clear</main>
            <description>Sky is Clear</description>
            <icon>01d</icon>
        </weather>
    </city>
    <city>
        <id>5389213</id>
        <name>Rubidoux</name>
        <coord>
            <lon>-117.405602</lon>
            <lat>33.996132</lat>
        </coord>
        <main>
            <temp>86.67</temp>
            <pressure>1015</pressure>
            <humidity>25</humidity>
            <temp_min>82.4</temp_min>
            <temp_max>91.99</temp_max>
        </main>
        <dt>1442171079</dt>
        <wind>
            <speed>1.37</speed>
            <deg>206.506</deg>
        </wind>
        <clouds>
            <all>1</all>
        </clouds>
        <weather>
            <id>800</id>
            <main>Clear</main>
            <description>Sky is Clear</description>
            <icon>01d</icon>
        </weather>
    </city>
    <city>
        <id>5382146</id>
        <name>Perris</name>
        <coord>
            <lon>-117.228653</lon>
            <lat>33.78252</lat>
        </coord>
        <main>
            <temp>87.35</temp>
            <pressure>1013</pressure>
            <humidity>42</humidity>
            <temp_min>73.51</temp_min>
            <temp_max>97</temp_max>
        </main>
        <dt>1442171077</dt>
        <wind>
            <speed>1</speed>
            <deg>0</deg>
        </wind>
        <clouds>
            <all>1</all>
        </clouds>
        <weather>
            <id>800</id>
            <main>Clear</main>
            <description>Sky is Clear</description>
            <icon>01d</icon>
        </weather>
    </city>
    <city>
        <id>5374732</id>
        <name>Moreno Valley</name>
        <coord>
            <lon>-117.230591</lon>
            <lat>33.937519</lat>
        </coord>
        <main>
            <temp>87.84</temp>
            <pressure>1013</pressure>
            <humidity>42</humidity>
            <temp_min>82.4</temp_min>
            <temp_max>98.6</temp_max>
        </main>
        <dt>1442171075</dt>
        <wind>
            <speed>1</speed>
            <deg>0</deg>
        </wind>
        <clouds>
            <all>1</all>
        </clouds>
        <weather>
            <id>800</id>
            <main>Clear</main>
            <description>Sky is Clear</description>
            <icon>01d</icon>
        </weather>
    </city>
</cities>