{
  "cities": [{
    "id": 5386035,
    "name": "Rancho Palos Verdes",
    "coord": {
      "lon": -118.387016,
      "lat": 33.744461
    },
    "main": {
      "temp": 84.34,
      "pressure": 1012,
      "humidity": 58,
      "temp_min": 78.8,
      "temp_max": 93
    },
    "dt": 1442171078,
    "wind": {
      "speed": 4.1,
      "deg": 300
    },
    "clouds": {
      "all": 5
    },
    "weather": [{
      "id": 800,
      "main": "Clear",
      "description": "Sky is Clear",
      "icon": "02d"
    }]
  }, {
    "id": 5392528,
    "name": "San Pedro",
    "coord": {
      "lon": -118.29229,
      "lat": 33.735851
    },
    "main": {
      "temp": 84.02,
      "pressure": 1012,
      "humidity": 58,
      "temp_min": 78.8,
      "temp_max": 91
    },
    "dt": 1442171080,
    "wind": {
      "speed": 4.1,
      "deg": 300
    },
    "clouds": {
      "all": 5
    },
    "weather": [{
      "id": 800,
      "main": "Clear",
      "description": "Sky is Clear",
      "icon": "02d"
    }]
  }, {
    "id": 3988392,
    "name": "Rosarito",
    "coord": {
      "lon": -117.033333,
      "lat": 32.333328
    },
    "main": {
      "temp": 82.47,
      "pressure": 1012,
      "humidity": 61,
      "temp_min": 78.8,
      "temp_max": 86
    },
    "dt": 1442170905,
    "wind": {
      "speed": 4.6,
      "deg": 240
    },
    "clouds": {
      "all": 32
    },
    "weather": [{
      "id": 802,
      "main": "Clouds",
      "description": "scattered clouds",
      "icon": "03d"
    }]
  }]
}
