{
  "cities": {
    "city": [{
      "id": {
        "$1": 5386035
      },
      "name": {
        "$1": "Rancho Palos Verdes"
      },
      "coord": {
        "lon": {
          "$1": "-118.387016"
        },
        "lat": {
          "$1": "33.744461"
        }
      },
      "main": {
        "@temp": "84.34",
        "@pressure": 1012,
        "@humidity": 58,
        "@temp_min": "78.8",
        "@temp_max": 93
      },
      "dt": {
        "$1": 1442171078
      },
      "wind": {
        "speed": {
          "$1": "4.1"
        },
        "deg": {
          "$1": 300
        }
      },
      "clouds": {
        "all": {
          "$1": 5
        }
      },
      "weather": {
        "id": {
          "$1": 800
        },
        "main": {
          "$1": "Clear"
        },
        "description": {
          "$1": "Sky is Clear"
        },
        "icon": {
          "$1": "02d"
        }
      }
    }, {
      "id": {
        "$1": 5392528
      },
      "name": {
        "$1": "San Pedro"
      },
      "coord": {
        "lon": {
          "$1": "-118.29229"
        },
        "lat": {
          "$1": "33.735851"
        }
      },
      "main": {
        "@temp": "84.02",
        "@pressure": 1012,
        "@humidity": 58,
        "@temp_min": "78.8",
        "@temp_max": 91
      },
      "dt": {
        "$1": 1442171080
      },
      "wind": {
        "speed": {
          "$1": "4.1"
        },
        "deg": {
          "$1": 300
        }
      },
      "clouds": {
        "all": {
          "$1": 5
        }
      },
      "weather": {
        "id": {
          "$1": 800
        },
        "main": {
          "$1": "Clear"
        },
        "description": {
          "$1": "Sky is Clear"
        },
        "icon": {
          "$1": "02d"
        }
      }
    }, {
      "id": {
        "$1": 3988392
      },
      "name": {
        "$1": "Rosarito"
      },
      "coord": {
        "lon": {
          "$1": "-117.033333"
        },
        "lat": {
          "$1": "32.333328"
        }
      },
      "main": {
        "@temp": "82.47",
        "@pressure": 1012,
        "@humidity": 61,
        "@temp_min": "78.8",
        "@temp_max": 86
      },
      "dt": {
        "$1": 1442170905
      },
      "wind": {
        "speed": {
          "$1": "4.6"
        },
        "deg": {
          "$1": 240
        }
      },
      "clouds": {
        "all": {
          "$1": 32
        }
      },
      "weather": {
        "id": {
          "$1": 802
        },
        "main": {
          "$1": "Clouds"
        },
        "description": {
          "$1": "scattered clouds"
        },
        "icon": {
          "$1": "03d"
        }
      }
    }]
  }
}
